sequence,functional_domain,source_reference,title,source_scope,spec_path
1,provider-management,UC-Clinician-Identity-1,Clinician Registers Identity,Scope - Identity,openspec/specs/provider-management/uc-clinician-identity-1-clinician-registers-identity/spec.md
2,provider-management,UC-Clinician-Identity-2,Clinician Registers Regulatory Agency Identity,Scope - Identity,openspec/specs/provider-management/uc-clinician-identity-2-clinician-registers-regulatory-agency-identity/spec.md
3,provider-management,UC-Clinician-Identity-3,Clinician Registers Industry Body Identity,Scope - Identity,openspec/specs/provider-management/uc-clinician-identity-3-clinician-registers-industry-body-identity/spec.md
4,provider-management,UC-Clinician-Identity-4,Clinician Registers Secondary (and Tertiary) Identity,Scope - Identity,openspec/specs/provider-management/uc-clinician-identity-4-clinician-registers-secondary-and-tertiary-identity/spec.md
5,cross-domain-services,UC-Clinician-Directory-1,View My Provider Profile,Scope - Clinician Profile,openspec/specs/cross-domain-services/uc-clinician-directory-1-view-my-provider-profile/spec.md
6,cross-domain-services,UC-Clinician-Directory-2,Update My Personal Details,Scope - Clinician Profile,openspec/specs/cross-domain-services/uc-clinician-directory-2-update-my-personal-details/spec.md
7,cross-domain-services,UC-Clinician-Directory-3,Update My Professional Biography,Scope - Clinician Profile,openspec/specs/cross-domain-services/uc-clinician-directory-3-update-my-professional-biography/spec.md
8,cross-domain-services,UC-Clinician-Directory-4,Upload My Professional Photograph,Scope - Clinician Profile,openspec/specs/cross-domain-services/uc-clinician-directory-4-upload-my-professional-photograph/spec.md
9,cross-domain-services,UC-Clinician-Directory-30,Receive Notifications of Profile Changes,Scope - Clinician Profile,openspec/specs/cross-domain-services/uc-clinician-directory-30-receive-notifications-of-profile-changes/spec.md
10,cross-domain-services,UC-Clinician-Directory-19,Manage My Directory Visibility,Scope – Clinician Availability and Visibility,openspec/specs/cross-domain-services/uc-clinician-directory-19-manage-my-directory-visibility/spec.md
11,cross-domain-services,UC-Clinician-Directory-20,Publish My Profile,Scope – Clinician Availability and Visibility,openspec/specs/cross-domain-services/uc-clinician-directory-20-publish-my-profile/spec.md
12,cross-domain-services,UC-Clinician-Directory-21,Temporarily Hide My Profile,Scope – Clinician Availability and Visibility,openspec/specs/cross-domain-services/uc-clinician-directory-21-temporarily-hide-my-profile/spec.md
13,governance-quality-and-audit,UC-Clinician-Directory-22,Submit Profile Changes for Verification,Scope – Clinician Verification and Governance,openspec/specs/governance-quality-and-audit/uc-clinician-directory-22-submit-profile-changes-for-verification/spec.md
14,governance-quality-and-audit,UC-Clinician-Directory-23,View Verification Status,Scope – Clinician Verification and Governance,openspec/specs/governance-quality-and-audit/uc-clinician-directory-23-view-verification-status/spec.md
15,governance-quality-and-audit,UC-Clinician-Directory-24,Respond to Verification Requests,Scope – Clinician Verification and Governance,openspec/specs/governance-quality-and-audit/uc-clinician-directory-24-respond-to-verification-requests/spec.md
16,governance-quality-and-audit,UC-Clinician-Directory-25,View Profile Change History,Scope – Clinician Verification and Governance,openspec/specs/governance-quality-and-audit/uc-clinician-directory-25-view-profile-change-history/spec.md
17,provider-management,UC-Clinician-Directory-5,Manage My Qualifications,Scope - Professional Credentials,openspec/specs/provider-management/uc-clinician-directory-5-manage-my-qualifications/spec.md
18,provider-management,UC-Clinician-Directory-6,Manage My Professional Registrations,Scope - Professional Credentials,openspec/specs/provider-management/uc-clinician-directory-6-manage-my-professional-registrations/spec.md
19,provider-management,UC-Clinician-Directory-7,Record My Professional Memberships,Scope - Professional Credentials,openspec/specs/provider-management/uc-clinician-directory-7-record-my-professional-memberships/spec.md
20,provider-management,UC-Clinician-Directory-8,Record My Certifications,Scope - Professional Credentials,openspec/specs/provider-management/uc-clinician-directory-8-record-my-certifications/spec.md
21,provider-management,UC-Clinician-Directory-9,Manage My Areas of Practice,Scope – Clinician Scope of Practice,openspec/specs/provider-management/uc-clinician-directory-9-manage-my-areas-of-practice/spec.md
22,provider-management,UC-Clinician-Directory-10,Manage My Clinical Interests,Scope – Clinician Scope of Practice,openspec/specs/provider-management/uc-clinician-directory-10-manage-my-clinical-interests/spec.md
23,provider-management,UC-Clinician-Directory-11,Record My Languages,Scope – Clinician Scope of Practice,openspec/specs/provider-management/uc-clinician-directory-11-record-my-languages/spec.md
24,provider-management,UC-Clinician-Directory-26,Manage Multiple Practice Locations,Scope – Clinician Scope of Practice,openspec/specs/provider-management/uc-clinician-directory-26-manage-multiple-practice-locations/spec.md
25,provider-management,UC-Clinician-Directory-16,Manage My Contact Information,Scope – Clinician Contact and Referral Information,openspec/specs/provider-management/uc-clinician-directory-16-manage-my-contact-information/spec.md
26,provider-management,UC-Clinician-Directory-17,Manage My Referral Information,Scope – Clinician Contact and Referral Information,openspec/specs/provider-management/uc-clinician-directory-17-manage-my-referral-information/spec.md
27,provider-management,UC-Clinician-Directory-18,Manage Electronic Service Endpoints,Scope – Clinician Contact and Referral Information,openspec/specs/provider-management/uc-clinician-directory-18-manage-electronic-service-endpoints/spec.md
28,provider-management,UC-Clinician-Directory-29,Manage Referral Acceptance Criteria,Scope – Clinician Contact and Referral Information,openspec/specs/provider-management/uc-clinician-directory-29-manage-referral-acceptance-criteria/spec.md
29,patient-identity-management,UC-Clinician-Directory-12,Manage My Organisation Affiliations,Scope - Clinician Relationships / Roles,openspec/specs/patient-identity-management/uc-clinician-directory-12-manage-my-organisation-affiliations/spec.md
30,patient-identity-management,UC-Clinician-Directory-13,Manage My Clinician Roles,Scope - Clinician Relationships / Roles,openspec/specs/patient-identity-management/uc-clinician-directory-13-manage-my-clinician-roles/spec.md
31,patient-identity-management,UC-Clinician-Directory-14,Maintain My Practice Locations,Scope - Clinician Relationships / Roles,openspec/specs/patient-identity-management/uc-clinician-directory-14-maintain-my-practice-locations/spec.md
32,patient-identity-management,UC-Clinician-Directory-15,Manage My Service Availability,Scope - Clinician Relationships / Roles,openspec/specs/patient-identity-management/uc-clinician-directory-15-manage-my-service-availability/spec.md
33,patient-identity-management,UC-Clinician-Directory-27,Manage Multiple Organisation Roles,Scope - Clinician Relationships / Roles,openspec/specs/patient-identity-management/uc-clinician-directory-27-manage-multiple-organisation-roles/spec.md
34,provider-management,UC-Clinician-ParticipantIdentity-1,Clinician Searches for Participant Identity,Scope – Clinician Access/Use to Participant Identity,openspec/specs/provider-management/uc-clinician-participantidentity-1-clinician-searches-for-participant-identity/spec.md
35,provider-management,UC-Clinician-ParticipantIdentity-2,Clinician Searches for Participant Identity using Identifiers,Scope – Clinician Access/Use to Participant Identity,openspec/specs/provider-management/uc-clinician-participantidentity-2-clinician-searches-for-participant-identity-using-identifiers/spec.md
36,consent-and-information-sharing,UC-Clinician-Consent-1,View Participant Consents,Scope - Consent – Internal Clinicians,openspec/specs/consent-and-information-sharing/uc-clinician-consent-1-view-participant-consents/spec.md
37,consent-and-information-sharing,UC-Clinician-Consent-2,Request Consent,Scope - Consent – Internal Clinicians,openspec/specs/consent-and-information-sharing/uc-clinician-consent-2-request-consent/spec.md
38,consent-and-information-sharing,UC-Clinician-Consent-3,Record Consent,Scope - Consent – Internal Clinicians,openspec/specs/consent-and-information-sharing/uc-clinician-consent-3-record-consent/spec.md
39,consent-and-information-sharing,UC-Clinician-Consent-4,Record Refusal of Consent,Scope - Consent – Internal Clinicians,openspec/specs/consent-and-information-sharing/uc-clinician-consent-4-record-refusal-of-consent/spec.md
40,consent-and-information-sharing,UC-Clinician-Consent-5,Verify Consent,Scope - Consent – Internal Clinicians,openspec/specs/consent-and-information-sharing/uc-clinician-consent-5-verify-consent/spec.md
41,consent-and-information-sharing,UC-Clinician-Consent-6,Confirm Participant Capacity,Scope - Consent – Internal Clinicians,openspec/specs/consent-and-information-sharing/uc-clinician-consent-6-confirm-participant-capacity/spec.md
42,consent-and-information-sharing,UC-Clinician-Consent-7,Record Representative Consent,Scope - Consent – Internal Clinicians,openspec/specs/consent-and-information-sharing/uc-clinician-consent-7-record-representative-consent/spec.md
43,consent-and-information-sharing,UC-Clinician-Consent-8,Verify Representative Authority,Scope - Consent – Internal Clinicians,openspec/specs/consent-and-information-sharing/uc-clinician-consent-8-verify-representative-authority/spec.md
44,consent-and-information-sharing,UC-Clinician-Consent-9,Explain Consent Requirements,Scope - Consent – Internal Clinicians,openspec/specs/consent-and-information-sharing/uc-clinician-consent-9-explain-consent-requirements/spec.md
45,consent-and-information-sharing,UC-Clinician-Consent-10,Document Consent Discussions,Scope - Consent – Internal Clinicians,openspec/specs/consent-and-information-sharing/uc-clinician-consent-10-document-consent-discussions/spec.md
46,consent-and-information-sharing,UC-Clinician-Consent-11,View Consent History,Scope - Consent – Internal Clinicians,openspec/specs/consent-and-information-sharing/uc-clinician-consent-11-view-consent-history/spec.md
47,consent-and-information-sharing,UC-Clinician-Consent-12,Identify Expired Consents,Scope - Consent – Internal Clinicians,openspec/specs/consent-and-information-sharing/uc-clinician-consent-12-identify-expired-consents/spec.md
48,consent-and-information-sharing,UC-Clinician-Consent-13,Request Consent Renewal,Scope - Consent – Internal Clinicians,openspec/specs/consent-and-information-sharing/uc-clinician-consent-13-request-consent-renewal/spec.md
49,consent-and-information-sharing,UC-Clinician-Consent-14,Respect Consent Restrictions,Scope - Consent – Internal Clinicians,openspec/specs/consent-and-information-sharing/uc-clinician-consent-14-respect-consent-restrictions/spec.md
50,consent-and-information-sharing,UC-Clinician-Consent-15,Record Emergency Access,Scope - Consent – Internal Clinicians,openspec/specs/consent-and-information-sharing/uc-clinician-consent-15-record-emergency-access/spec.md
51,consent-and-information-sharing,UC-Clinician-Consent-16,Record Research Consent,Scope - Consent – Internal Clinicians,openspec/specs/consent-and-information-sharing/uc-clinician-consent-16-record-research-consent/spec.md
52,consent-and-information-sharing,UC-Clinician-Consent-17,Verify Information Sharing Consent,Scope - Consent – Internal Clinicians,openspec/specs/consent-and-information-sharing/uc-clinician-consent-17-verify-information-sharing-consent/spec.md
53,consent-and-information-sharing,UC-Clinician-Consent-18,View Delegated Authorities,Scope - Consent – Internal Clinicians,openspec/specs/consent-and-information-sharing/uc-clinician-consent-18-view-delegated-authorities/spec.md
54,consent-and-information-sharing,UC-Clinician-Consent-19,Record Withdrawal of Consent,Scope - Consent – Internal Clinicians,openspec/specs/consent-and-information-sharing/uc-clinician-consent-19-record-withdrawal-of-consent/spec.md
55,consent-and-information-sharing,UC-Clinician-Consent-20,Receive Consent Alerts,Scope - Consent – Internal Clinicians,openspec/specs/consent-and-information-sharing/uc-clinician-consent-20-receive-consent-alerts/spec.md
56,consent-and-information-sharing,UC-ExternalClinician-Consent-1,Request Access to Participant Information,Scope - Clinician Access to Participant Information,openspec/specs/consent-and-information-sharing/uc-externalclinician-consent-1-request-access-to-participant-information/spec.md
57,consent-and-information-sharing,UC-ExternalClinician-Consent-2,Verify Participant Consent,Scope - Clinician Access to Participant Information,openspec/specs/consent-and-information-sharing/uc-externalclinician-consent-2-verify-participant-consent/spec.md
58,consent-and-information-sharing,UC-ExternalClinician-Consent-3,View Consent Scope,Scope - Clinician Access to Participant Information,openspec/specs/consent-and-information-sharing/uc-externalclinician-consent-3-view-consent-scope/spec.md
59,consent-and-information-sharing,UC-ExternalClinician-Consent-4,Identify Access Restrictions,Scope - Clinician Access to Participant Information,openspec/specs/consent-and-information-sharing/uc-externalclinician-consent-4-identify-access-restrictions/spec.md
60,consent-and-information-sharing,UC-ExternalClinician-Consent-5,Request Participant Consent,Scope - Obtaining Consent,openspec/specs/consent-and-information-sharing/uc-externalclinician-consent-5-request-participant-consent/spec.md
61,consent-and-information-sharing,UC-ExternalClinician-Consent-6,Record Participant Consent,Scope - Obtaining Consent,openspec/specs/consent-and-information-sharing/uc-externalclinician-consent-6-record-participant-consent/spec.md
62,consent-and-information-sharing,UC-ExternalClinician-Consent-7,Record Refusal of Consent,Scope - Obtaining Consent,openspec/specs/consent-and-information-sharing/uc-externalclinician-consent-7-record-refusal-of-consent/spec.md
63,consent-and-information-sharing,UC-ExternalClinician-Consent-8,Request Renewal of Consent,Scope - Obtaining Consent,openspec/specs/consent-and-information-sharing/uc-externalclinician-consent-8-request-renewal-of-consent/spec.md
64,consent-and-information-sharing,UC-ExternalClinician-Consent-9,Share Clinical Information,Scope - Information Sharing,openspec/specs/consent-and-information-sharing/uc-externalclinician-consent-9-share-clinical-information/spec.md
65,consent-and-information-sharing,UC-ExternalClinician-Consent-10,Verify Permission to Contribute Information,Scope - Information Sharing,openspec/specs/consent-and-information-sharing/uc-externalclinician-consent-10-verify-permission-to-contribute-information/spec.md
66,consent-and-information-sharing,UC-ExternalClinician-Consent-11,View Participant Sharing Preferences,Scope - Information Sharing,openspec/specs/consent-and-information-sharing/uc-externalclinician-consent-11-view-participant-sharing-preferences/spec.md
67,consent-and-information-sharing,UC-ExternalClinician-Consent-12,Receive Notification of Consent Changes,Scope - Information Sharing,openspec/specs/consent-and-information-sharing/uc-externalclinician-consent-12-receive-notification-of-consent-changes/spec.md
68,consent-and-information-sharing,UC-ExternalClinician-Consent-13,Verify Representative Authority,Scope - Representative Consent,openspec/specs/consent-and-information-sharing/uc-externalclinician-consent-13-verify-representative-authority/spec.md
69,consent-and-information-sharing,UC-ExternalClinician-Consent-14,Record Representative Consent,Scope - Representative Consent,openspec/specs/consent-and-information-sharing/uc-externalclinician-consent-14-record-representative-consent/spec.md
70,consent-and-information-sharing,UC-ExternalClinician-Consent-15,Receive Consent Alerts,Scope - Clinical Decision Support (Consent),openspec/specs/consent-and-information-sharing/uc-externalclinician-consent-15-receive-consent-alerts/spec.md
71,consent-and-information-sharing,UC-ExternalClinician-Consent-16,Understand Access Decisions,Scope - Clinical Decision Support (Consent),openspec/specs/consent-and-information-sharing/uc-externalclinician-consent-16-understand-access-decisions/spec.md
72,consent-and-information-sharing,UC-ExternalClinician-Consent-17,Access Emergency Information,Scope - Clinical Decision Support (Consent),openspec/specs/consent-and-information-sharing/uc-externalclinician-consent-17-access-emergency-information/spec.md
73,consent-and-information-sharing,UC-ExternalClinician-Consent-18,Record Emergency Access,Scope - Clinical Decision Support (Consent),openspec/specs/consent-and-information-sharing/uc-externalclinician-consent-18-record-emergency-access/spec.md
74,consent-and-information-sharing,UC-ExternalClinician-Consent-19,Confirm Care Team Membership,Scope - Care Coordination (Consent),openspec/specs/consent-and-information-sharing/uc-externalclinician-consent-19-confirm-care-team-membership/spec.md
75,consent-and-information-sharing,UC-ExternalClinician-Consent-20,Request Ongoing Access,Scope - Care Coordination (Consent),openspec/specs/consent-and-information-sharing/uc-externalclinician-consent-20-request-ongoing-access/spec.md
76,consent-and-information-sharing,UC-ExternalClinician-Consent-21,End Care Team Participation,Scope - Care Coordination (Consent),openspec/specs/consent-and-information-sharing/uc-externalclinician-consent-21-end-care-team-participation/spec.md
77,consent-and-information-sharing,UC-ExternalClinician-Consent-22,View Consent Audit Information,Scope - Governance and Compliance (Consent),openspec/specs/consent-and-information-sharing/uc-externalclinician-consent-22-view-consent-audit-information/spec.md
78,consent-and-information-sharing,UC-ExternalClinician-Consent-23,Record Consent Discussions,Scope - Governance and Compliance (Consent),openspec/specs/consent-and-information-sharing/uc-externalclinician-consent-23-record-consent-discussions/spec.md
79,consent-and-information-sharing,UC-ExternalClinician-Consent-24,Confirm Organisational Authority,Scope - Governance and Compliance (Consent),openspec/specs/consent-and-information-sharing/uc-externalclinician-consent-24-confirm-organisational-authority/spec.md
80,consent-and-information-sharing,UC-ExternalClinician-Consent-25,Demonstrate Appropriate Access,Scope - Governance and Compliance (Consent),openspec/specs/consent-and-information-sharing/uc-externalclinician-consent-25-demonstrate-appropriate-access/spec.md
81,provider-management,UC-DepartmentalOfficer-ProviderDirectory-21,Audit Clinician Records,Scope – Provider Directory,openspec/specs/provider-management/uc-departmentalofficer-providerdirectory-21-audit-clinician-records/spec.md
82,provider-management,UC-DepartmentalOfficer-ProviderDirectory-22,Monitor Data Quality,Scope – Provider Directory,openspec/specs/provider-management/uc-departmentalofficer-providerdirectory-22-monitor-data-quality/spec.md
83,provider-management,UC-DepartmentalOfficer-ProviderDirectory-23,Merge Duplicate Clinician Records,Scope – Provider Directory,openspec/specs/provider-management/uc-departmentalofficer-providerdirectory-23-merge-duplicate-clinician-records/spec.md
84,provider-management,UC-DepartmentalOfficer-ProviderDirectory-24,Archive Clinician Records,Scope – Provider Directory,openspec/specs/provider-management/uc-departmentalofficer-providerdirectory-24-archive-clinician-records/spec.md
85,provider-management,UC-DepartmentalOfficer-ProviderDirectory-25,Generate Provider Directory Reports,Scope – Provider Directory,openspec/specs/provider-management/uc-departmentalofficer-providerdirectory-25-generate-provider-directory-reports/spec.md
86,provider-management,UC-Clinician-ProviderDirectorySearch-1,Search for a Provider by Clinical Need,Scope - Clinician Search (Provider Directory),openspec/specs/provider-management/uc-clinician-providerdirectorysearch-1-search-for-a-provider-by-clinical-need/spec.md
87,provider-management,UC-Clinician-ProviderDirectorySearch-2,Find a Specialist for Referral,Scope - Clinician Search (Provider Directory),openspec/specs/provider-management/uc-clinician-providerdirectorysearch-2-find-a-specialist-for-referral/spec.md
88,provider-management,UC-Clinician-ProviderDirectorySearch-3,Find an Allied Health Provider,Scope - Clinician Search (Provider Directory),openspec/specs/provider-management/uc-clinician-providerdirectorysearch-3-find-an-allied-health-provider/spec.md
89,provider-management,UC-Clinician-ProviderDirectorySearch-4,Search Providers by Specialty,Scope - Clinician Search (Provider Directory),openspec/specs/provider-management/uc-clinician-providerdirectorysearch-4-search-providers-by-specialty/spec.md
90,provider-management,UC-Clinician-ProviderDirectorySearch-5,Search Providers by Clinical Capability,Scope - Clinician Search (Provider Directory),openspec/specs/provider-management/uc-clinician-providerdirectorysearch-5-search-providers-by-clinical-capability/spec.md
91,provider-management,UC-Clinician-ProviderDirectorySearch-6,Search Using Clinical Condition,Scope - Problem-Based Provider Discovery,openspec/specs/provider-management/uc-clinician-providerdirectorysearch-6-search-using-clinical-condition/spec.md
92,provider-management,UC-Clinician-ProviderDirectorySearch-7,Search Using Procedure or Treatment Requirement,Scope - Problem-Based Provider Discovery,openspec/specs/provider-management/uc-clinician-providerdirectorysearch-7-search-using-procedure-or-treatment-requirement/spec.md
93,provider-management,UC-Clinician-ProviderDirectorySearch-8,Search Using Care Requirement,Scope - Problem-Based Provider Discovery,openspec/specs/provider-management/uc-clinician-providerdirectorysearch-8-search-using-care-requirement/spec.md
94,provider-management,UC-Clinician-ProviderDirectorySearch-9,Search for Complex Care Expertise,Scope - Problem-Based Provider Discovery,openspec/specs/provider-management/uc-clinician-providerdirectorysearch-9-search-for-complex-care-expertise/spec.md
95,provider-management,UC-Clinician-ProviderDirectorySearch-10,Search for Multidisciplinary Services,Scope - Problem-Based Provider Discovery,openspec/specs/provider-management/uc-clinician-providerdirectorysearch-10-search-for-multidisciplinary-services/spec.md
96,provider-management,UC-Clinician-ProviderDirectorySearch-11,Search Providers by Location,Scope - Location and Accessibility-Based Search,openspec/specs/provider-management/uc-clinician-providerdirectorysearch-11-search-providers-by-location/spec.md
97,provider-management,UC-Clinician-ProviderDirectorySearch-12,Search Providers by Service Delivery Mode,Scope - Location and Accessibility-Based Search,openspec/specs/provider-management/uc-clinician-providerdirectorysearch-12-search-providers-by-service-delivery-mode/spec.md
98,provider-management,UC-Clinician-ProviderDirectorySearch-13,Search Providers by Accessibility Requirements,Scope - Location and Accessibility-Based Search,openspec/specs/provider-management/uc-clinician-providerdirectorysearch-13-search-providers-by-accessibility-requirements/spec.md
99,provider-management,UC-Clinician-ProviderDirectorySearch-14,Search Providers by Language Capability,Scope - Location and Accessibility-Based Search,openspec/specs/provider-management/uc-clinician-providerdirectorysearch-14-search-providers-by-language-capability/spec.md
100,provider-management,UC-Clinician-ProviderDirectorySearch-15,Search Providers Accepting New Referrals,Scope - Availability and Referral Suitability,openspec/specs/provider-management/uc-clinician-providerdirectorysearch-15-search-providers-accepting-new-referrals/spec.md
101,provider-management,UC-Clinician-ProviderDirectorySearch-16,View Provider Availability,Scope - Availability and Referral Suitability,openspec/specs/provider-management/uc-clinician-providerdirectorysearch-16-view-provider-availability/spec.md
102,provider-management,UC-Clinician-ProviderDirectorySearch-17,Identify Referral Requirements,Scope - Availability and Referral Suitability,openspec/specs/provider-management/uc-clinician-providerdirectorysearch-17-identify-referral-requirements/spec.md
103,provider-management,UC-Clinician-ProviderDirectorySearch-18,Compare Provider Options,Scope - Availability and Referral Suitability,openspec/specs/provider-management/uc-clinician-providerdirectorysearch-18-compare-provider-options/spec.md
104,patient-identity-management,UC-Participant-Identity-1,Provide Identity Details,Scope - Identity,openspec/specs/patient-identity-management/uc-participant-identity-1-provide-identity-details/spec.md
105,patient-identity-management,UC-Participant-Identity-2,Submit Identity Evidence,Scope - Identity,openspec/specs/patient-identity-management/uc-participant-identity-2-submit-identity-evidence/spec.md
106,patient-identity-management,UC-Participant-Identity-3,Confirm My Identity,Scope - Identity,openspec/specs/patient-identity-management/uc-participant-identity-3-confirm-my-identity/spec.md
107,patient-identity-management,UC-Participant-Identity-4,View Identity Verification Status,Scope - Identity,openspec/specs/patient-identity-management/uc-participant-identity-4-view-identity-verification-status/spec.md
108,patient-identity-management,UC-Participant-Identity-5,Correct My Identity Information,Scope - Identity,openspec/specs/patient-identity-management/uc-participant-identity-5-correct-my-identity-information/spec.md
109,patient-identity-management,UC-Participant-Identity-6,Update Personal Details,Scope - Identity,openspec/specs/patient-identity-management/uc-participant-identity-6-update-personal-details/spec.md
110,patient-identity-management,UC-Participant-Identity-7,Update Contact Information,Scope - Identity,openspec/specs/patient-identity-management/uc-participant-identity-7-update-contact-information/spec.md
111,patient-identity-management,UC-Participant-Identity-8,Provide Supporting Documentation,Scope - Identity,openspec/specs/patient-identity-management/uc-participant-identity-8-provide-supporting-documentation/spec.md
112,patient-identity-management,UC-Participant-Identity-9,Respond to Identity Queries,Scope - Identity,openspec/specs/patient-identity-management/uc-participant-identity-9-respond-to-identity-queries/spec.md
113,patient-identity-management,UC-Participant-Identity-10,View My Identity Information,Scope - Identity,openspec/specs/patient-identity-management/uc-participant-identity-10-view-my-identity-information/spec.md
114,patient-identity-management,UC-Participant-Identity-11,Receive Verification Notifications,Scope - Identity,openspec/specs/patient-identity-management/uc-participant-identity-11-receive-verification-notifications/spec.md
115,patient-identity-management,UC-Participant-Identity-12,Resolve Identity Issues,Scope - Identity,openspec/specs/patient-identity-management/uc-participant-identity-12-resolve-identity-issues/spec.md
116,patient-identity-management,UC-Participant-Identity-13,Link My Healthcare Identifier,Scope - Identity,openspec/specs/patient-identity-management/uc-participant-identity-13-link-my-healthcare-identifier/spec.md
117,patient-identity-management,UC-Participant-Identity-14,Review Identity Change History,Scope - Identity,openspec/specs/patient-identity-management/uc-participant-identity-14-review-identity-change-history/spec.md
118,patient-identity-management,UC-Participant-Identity-15,Replace Expired Identity Documents,Scope - Identity,openspec/specs/patient-identity-management/uc-participant-identity-15-replace-expired-identity-documents/spec.md
119,patient-identity-management,UC-Participant-Identity-16,Manage Preferred Name,Scope - Identity,openspec/specs/patient-identity-management/uc-participant-identity-16-manage-preferred-name/spec.md
120,patient-identity-management,UC-Participant-Identity-17,Manage Gender and Sex Information,Scope - Identity,openspec/specs/patient-identity-management/uc-participant-identity-17-manage-gender-and-sex-information/spec.md
121,patient-identity-management,UC-Participant-Identity-18,Protect My Identity Information,Scope - Identity,openspec/specs/patient-identity-management/uc-participant-identity-18-protect-my-identity-information/spec.md
122,patient-identity-management,UC-Participant-Identity-19,Report Suspected Identity Misuse,Scope - Identity,openspec/specs/patient-identity-management/uc-participant-identity-19-report-suspected-identity-misuse/spec.md
123,patient-identity-management,UC-Participant-Identity-20,Receive Confirmation of Identity Changes,Scope - Identity,openspec/specs/patient-identity-management/uc-participant-identity-20-receive-confirmation-of-identity-changes/spec.md
124,patient-identity-management,UC-Participant-Demographics-1,View My Demographic Information,Scope – Participant Demographics,openspec/specs/patient-identity-management/uc-participant-demographics-1-view-my-demographic-information/spec.md
125,patient-identity-management,UC-Participant-Demographics-2,Update My Residential Address,Scope – Participant Demographics,openspec/specs/patient-identity-management/uc-participant-demographics-2-update-my-residential-address/spec.md
126,patient-identity-management,UC-Participant-Demographics-3,Update My Postal Address,Scope – Participant Demographics,openspec/specs/patient-identity-management/uc-participant-demographics-3-update-my-postal-address/spec.md
127,patient-identity-management,UC-Participant-Demographics-4,Update My Contact Details,Scope – Participant Demographics,openspec/specs/patient-identity-management/uc-participant-demographics-4-update-my-contact-details/spec.md
128,patient-identity-management,UC-Participant-Demographics-5,Update My Preferred Communication Method,Scope – Participant Demographics,openspec/specs/patient-identity-management/uc-participant-demographics-5-update-my-preferred-communication-method/spec.md
129,patient-identity-management,UC-Participant-Demographics-6,Update My Preferred Language,Scope – Participant Demographics,openspec/specs/patient-identity-management/uc-participant-demographics-6-update-my-preferred-language/spec.md
130,patient-identity-management,UC-Participant-Demographics-7,Request Interpreter Services,Scope – Participant Demographics,openspec/specs/patient-identity-management/uc-participant-demographics-7-request-interpreter-services/spec.md
131,patient-identity-management,UC-Participant-Demographics-8,Update My Cultural Information,Scope – Participant Demographics,openspec/specs/patient-identity-management/uc-participant-demographics-8-update-my-cultural-information/spec.md
132,patient-identity-management,UC-Participant-Demographics-9,Update My Indigenous Status,Scope – Participant Demographics,openspec/specs/patient-identity-management/uc-participant-demographics-9-update-my-indigenous-status/spec.md
133,patient-identity-management,UC-Participant-Demographics-10,Update My Marital Status,Scope – Participant Demographics,openspec/specs/patient-identity-management/uc-participant-demographics-10-update-my-marital-status/spec.md
134,patient-identity-management,UC-Participant-Demographics-11,Update My Occupation,Scope – Participant Demographics,openspec/specs/patient-identity-management/uc-participant-demographics-11-update-my-occupation/spec.md
135,patient-identity-management,UC-Participant-Demographics-12,Manage My Emergency Contacts,Scope – Participant Demographics,openspec/specs/patient-identity-management/uc-participant-demographics-12-manage-my-emergency-contacts/spec.md
136,patient-identity-management,UC-Participant-Demographics-13,Manage My Carers and Support Persons,Scope – Participant Demographics,openspec/specs/patient-identity-management/uc-participant-demographics-13-manage-my-carers-and-support-persons/spec.md
137,patient-identity-management,UC-Participant-Demographics-14,Update My Household Information,Scope – Participant Demographics,openspec/specs/patient-identity-management/uc-participant-demographics-14-update-my-household-information/spec.md
138,patient-identity-management,UC-Participant-Demographics-15,Update My Accessibility Requirements,Scope – Participant Demographics,openspec/specs/patient-identity-management/uc-participant-demographics-15-update-my-accessibility-requirements/spec.md
139,patient-identity-management,UC-Participant-Demographics-16,Manage My Communication Preferences,Scope – Participant Demographics,openspec/specs/patient-identity-management/uc-participant-demographics-16-manage-my-communication-preferences/spec.md
140,patient-identity-management,UC-Participant-Demographics-17,Review My Demographic Change History,Scope – Participant Demographics,openspec/specs/patient-identity-management/uc-participant-demographics-17-review-my-demographic-change-history/spec.md
141,patient-identity-management,UC-Participant-Demographics-18,Receive Confirmation of Demographic Updates,Scope – Participant Demographics,openspec/specs/patient-identity-management/uc-participant-demographics-18-receive-confirmation-of-demographic-updates/spec.md
142,patient-identity-management,UC-Participant-Demographics-29,Complete My Demographic Profile,Scope – Participant Demographics,openspec/specs/patient-identity-management/uc-participant-demographics-29-complete-my-demographic-profile/spec.md
143,patient-identity-management,UC-Participant-Relationship-1,View My Relationships,Scope – Participant Relationships,openspec/specs/patient-identity-management/uc-participant-relationship-1-view-my-relationships/spec.md
144,patient-identity-management,UC-Participant-Relationship-2,Add a Relationship,Scope – Participant Relationships,openspec/specs/patient-identity-management/uc-participant-relationship-2-add-a-relationship/spec.md
145,patient-identity-management,UC-Participant-Relationship-3,Update a Relationship,Scope – Participant Relationships,openspec/specs/patient-identity-management/uc-participant-relationship-3-update-a-relationship/spec.md
146,patient-identity-management,UC-Participant-Relationship-4,Remove a Relationship,Scope – Participant Relationships,openspec/specs/patient-identity-management/uc-participant-relationship-4-remove-a-relationship/spec.md
147,patient-identity-management,UC-Participant-Relationship-5,Nominate a Next of Kin,Scope – Participant Relationships,openspec/specs/patient-identity-management/uc-participant-relationship-5-nominate-a-next-of-kin/spec.md
148,patient-identity-management,UC-Participant-Relationship-6,Nominate an Emergency Contact,Scope – Participant Relationships,openspec/specs/patient-identity-management/uc-participant-relationship-6-nominate-an-emergency-contact/spec.md
149,patient-identity-management,UC-Participant-Relationship-7,Register a Parent or Guardian,Scope – Participant Relationships,openspec/specs/patient-identity-management/uc-participant-relationship-7-register-a-parent-or-guardian/spec.md
150,patient-identity-management,UC-Participant-Relationship-8,Register a Carer,Scope – Participant Relationships,openspec/specs/patient-identity-management/uc-participant-relationship-8-register-a-carer/spec.md
151,patient-identity-management,UC-Participant-Relationship-9,Register a Support Person,Scope – Participant Relationships,openspec/specs/patient-identity-management/uc-participant-relationship-9-register-a-support-person/spec.md
152,patient-identity-management,UC-Participant-Relationship-10,Register a Substitute Decision Maker,Scope – Participant Relationships,openspec/specs/patient-identity-management/uc-participant-relationship-10-register-a-substitute-decision-maker/spec.md
153,patient-identity-management,UC-Participant-Relationship-11,Register a Power of Attorney,Scope – Participant Relationships,openspec/specs/patient-identity-management/uc-participant-relationship-11-register-a-power-of-attorney/spec.md
154,patient-identity-management,UC-Participant-Relationship-12,Register a Medical Decision Maker,Scope – Participant Relationships,openspec/specs/patient-identity-management/uc-participant-relationship-12-register-a-medical-decision-maker/spec.md
155,patient-identity-management,UC-Participant-Relationship-13,Define Relationship Scope,Scope – Participant Relationships,openspec/specs/patient-identity-management/uc-participant-relationship-13-define-relationship-scope/spec.md
156,patient-identity-management,UC-Participant-Relationship-14,Specify Relationship Duration,Scope – Participant Relationships,openspec/specs/patient-identity-management/uc-participant-relationship-14-specify-relationship-duration/spec.md
157,patient-identity-management,UC-Participant-Relationship-15,Upload Supporting Documentation,Scope – Participant Relationships,openspec/specs/patient-identity-management/uc-participant-relationship-15-upload-supporting-documentation/spec.md
158,patient-identity-management,UC-Participant-Relationship-16,Manage Contact Preferences for Relationships,Scope – Participant Relationships,openspec/specs/patient-identity-management/uc-participant-relationship-16-manage-contact-preferences-for-relationships/spec.md
159,patient-identity-management,UC-Participant-Relationship-17,Receive Requests to Confirm Relationships,Scope – Participant Relationships,openspec/specs/patient-identity-management/uc-participant-relationship-17-receive-requests-to-confirm-relationships/spec.md
160,patient-identity-management,UC-Participant-Relationship-18,Accept a Relationship Nomination,Scope – Participant Relationships,openspec/specs/patient-identity-management/uc-participant-relationship-18-accept-a-relationship-nomination/spec.md
161,patient-identity-management,UC-Participant-Relationship-19,Decline a Relationship Nomination,Scope – Participant Relationships,openspec/specs/patient-identity-management/uc-participant-relationship-19-decline-a-relationship-nomination/spec.md
162,patient-identity-management,UC-Participant-Relationship-20,View Relationship History,Scope – Participant Relationships,openspec/specs/patient-identity-management/uc-participant-relationship-20-view-relationship-history/spec.md
163,patient-identity-management,UC-RelatedPerson-Relationship-1,View My Relationships,Scope – Relationships,openspec/specs/patient-identity-management/uc-relatedperson-relationship-1-view-my-relationships/spec.md
164,patient-identity-management,UC-RelatedPerson-Relationship-2,Accept a Relationship Request,Scope – Relationships,openspec/specs/patient-identity-management/uc-relatedperson-relationship-2-accept-a-relationship-request/spec.md
165,patient-identity-management,UC-RelatedPerson-Relationship-3,Decline a Relationship Request,Scope – Relationships,openspec/specs/patient-identity-management/uc-relatedperson-relationship-3-decline-a-relationship-request/spec.md
166,patient-identity-management,UC-RelatedPerson-Relationship-4,View My Relationship Details,Scope – Relationships,openspec/specs/patient-identity-management/uc-relatedperson-relationship-4-view-my-relationship-details/spec.md
167,patient-identity-management,UC-RelatedPerson-Relationship-5,Request a Relationship Update,Scope – Relationships,openspec/specs/patient-identity-management/uc-relatedperson-relationship-5-request-a-relationship-update/spec.md
168,patient-identity-management,UC-RelatedPerson-Relationship-6,End a Relationship,Scope – Relationships,openspec/specs/patient-identity-management/uc-relatedperson-relationship-6-end-a-relationship/spec.md
169,patient-identity-management,UC-RelatedPerson-Relationship-7,Upload Supporting Documentation,Scope – Relationships,openspec/specs/patient-identity-management/uc-relatedperson-relationship-7-upload-supporting-documentation/spec.md
170,patient-identity-management,UC-RelatedPerson-Relationship-8,Respond to Verification Requests,Scope – Relationships,openspec/specs/patient-identity-management/uc-relatedperson-relationship-8-respond-to-verification-requests/spec.md
171,patient-identity-management,UC-RelatedPerson-Relationship-9,View My Relationship Status,Scope – Relationships,openspec/specs/patient-identity-management/uc-relatedperson-relationship-9-view-my-relationship-status/spec.md
172,patient-identity-management,UC-RelatedPerson-Relationship-10,Receive Relationship Notifications,Scope – Relationships,openspec/specs/patient-identity-management/uc-relatedperson-relationship-10-receive-relationship-notifications/spec.md
173,patient-identity-management,UC-RelatedPerson-Relationship-11,Manage My Contact Details,Scope – Relationships,openspec/specs/patient-identity-management/uc-relatedperson-relationship-11-manage-my-contact-details/spec.md
174,patient-identity-management,UC-RelatedPerson-Relationship-12,Manage My Communication Preferences,Scope – Relationships,openspec/specs/patient-identity-management/uc-relatedperson-relationship-12-manage-my-communication-preferences/spec.md
175,patient-identity-management,UC-RelatedPerson-Relationship-13,View My Authorisations,Scope – Relationships,openspec/specs/patient-identity-management/uc-relatedperson-relationship-13-view-my-authorisations/spec.md
176,patient-identity-management,UC-RelatedPerson-Relationship-14,Acknowledge My Responsibilities,Scope – Relationships,openspec/specs/patient-identity-management/uc-relatedperson-relationship-14-acknowledge-my-responsibilities/spec.md
177,patient-identity-management,UC-RelatedPerson-Relationship-15,View Relationship History,Scope – Relationships,openspec/specs/patient-identity-management/uc-relatedperson-relationship-15-view-relationship-history/spec.md
178,patient-identity-management,UC-RelatedPerson-Relationship-16,Manage Multiple Relationships,Scope – Relationships,openspec/specs/patient-identity-management/uc-relatedperson-relationship-16-manage-multiple-relationships/spec.md
179,patient-identity-management,UC-RelatedPerson-Relationship-17,Request Additional Authority,Scope – Relationships,openspec/specs/patient-identity-management/uc-relatedperson-relationship-17-request-additional-authority/spec.md
180,patient-identity-management,UC-RelatedPerson-Relationship-18,Relinquish My Authority,Scope – Relationships,openspec/specs/patient-identity-management/uc-relatedperson-relationship-18-relinquish-my-authority/spec.md
181,patient-identity-management,UC-RelatedPerson-Relationship-19,Confirm Ongoing Relationship,Scope – Relationships,openspec/specs/patient-identity-management/uc-relatedperson-relationship-19-confirm-ongoing-relationship/spec.md
182,patient-identity-management,UC-RelatedPerson-Relationship-20,Access Linked Participant Information,Scope – Relationships,openspec/specs/patient-identity-management/uc-relatedperson-relationship-20-access-linked-participant-information/spec.md
183,consent-and-information-sharing,UC-Participant-Consent-1,View My Consents,Scope – Consent,openspec/specs/consent-and-information-sharing/uc-participant-consent-1-view-my-consents/spec.md
184,consent-and-information-sharing,UC-Participant-Consent-2,Provide a New Consent,Scope – Consent,openspec/specs/consent-and-information-sharing/uc-participant-consent-2-provide-a-new-consent/spec.md
185,consent-and-information-sharing,UC-Participant-Consent-3,Withdraw Consent,Scope – Consent,openspec/specs/consent-and-information-sharing/uc-participant-consent-3-withdraw-consent/spec.md
186,consent-and-information-sharing,UC-Participant-Consent-4,Update My Consent Preferences,Scope – Consent,openspec/specs/consent-and-information-sharing/uc-participant-consent-4-update-my-consent-preferences/spec.md
187,consent-and-information-sharing,UC-Participant-Consent-5,View Consent Details,Scope – Consent,openspec/specs/consent-and-information-sharing/uc-participant-consent-5-view-consent-details/spec.md
188,consent-and-information-sharing,UC-Participant-Consent-6,Specify Consent Duration,Scope – Consent,openspec/specs/consent-and-information-sharing/uc-participant-consent-6-specify-consent-duration/spec.md
189,consent-and-information-sharing,UC-Participant-Consent-7,Restrict Information Sharing,Scope – Consent,openspec/specs/consent-and-information-sharing/uc-participant-consent-7-restrict-information-sharing/spec.md
190,consent-and-information-sharing,UC-Participant-Consent-8,Authorise Specific Organisations,Scope – Consent,openspec/specs/consent-and-information-sharing/uc-participant-consent-8-authorise-specific-organisations/spec.md
191,consent-and-information-sharing,UC-Participant-Consent-9,Authorise Specific Healthcare Providers,Scope – Consent,openspec/specs/consent-and-information-sharing/uc-participant-consent-9-authorise-specific-healthcare-providers/spec.md
192,consent-and-information-sharing,UC-Participant-Consent-10,Authorise a Related Person,Scope – Consent,openspec/specs/consent-and-information-sharing/uc-participant-consent-10-authorise-a-related-person/spec.md
193,consent-and-information-sharing,UC-Participant-Consent-11,Restrict Sensitive Information,Scope – Consent,openspec/specs/consent-and-information-sharing/uc-participant-consent-11-restrict-sensitive-information/spec.md
194,consent-and-information-sharing,UC-Participant-Consent-12,Consent to Treatment,Scope – Consent,openspec/specs/consent-and-information-sharing/uc-participant-consent-12-consent-to-treatment/spec.md
195,consent-and-information-sharing,UC-Participant-Consent-13,Consent to Research,Scope – Consent,openspec/specs/consent-and-information-sharing/uc-participant-consent-13-consent-to-research/spec.md
196,consent-and-information-sharing,UC-Participant-Consent-14,Consent to Information Sharing,Scope – Consent,openspec/specs/consent-and-information-sharing/uc-participant-consent-14-consent-to-information-sharing/spec.md
197,consent-and-information-sharing,UC-Participant-Consent-15,Consent to Electronic Communications,Scope – Consent,openspec/specs/consent-and-information-sharing/uc-participant-consent-15-consent-to-electronic-communications/spec.md
198,consent-and-information-sharing,UC-Participant-Consent-16,View Consent History,Scope – Consent,openspec/specs/consent-and-information-sharing/uc-participant-consent-16-view-consent-history/spec.md
199,consent-and-information-sharing,UC-Participant-Consent-17,Receive Consent Renewal Requests,Scope – Consent,openspec/specs/consent-and-information-sharing/uc-participant-consent-17-receive-consent-renewal-requests/spec.md
200,consent-and-information-sharing,UC-Participant-Consent-18,Receive Confirmation of Consent Changes,Scope – Consent,openspec/specs/consent-and-information-sharing/uc-participant-consent-18-receive-confirmation-of-consent-changes/spec.md
201,consent-and-information-sharing,UC-Participant-Consent-19,View Who Can Access My Information,Scope – Consent,openspec/specs/consent-and-information-sharing/uc-participant-consent-19-view-who-can-access-my-information/spec.md
202,consent-and-information-sharing,UC-Participant-Consent-20,Review Access Made Under My Consents,Scope – Consent,openspec/specs/consent-and-information-sharing/uc-participant-consent-20-review-access-made-under-my-consents/spec.md
203,terminology-and-reference-data,UC-DepartmentalOfficer-ReferenceData-1,Create Reference Data Set,Scope - Reference Data Set Management,openspec/specs/terminology-and-reference-data/uc-departmentalofficer-referencedata-1-create-reference-data-set/spec.md
204,terminology-and-reference-data,UC-DepartmentalOfficer-ReferenceData-2,Define Reference Data Set Structure,Scope - Reference Data Set Management,openspec/specs/terminology-and-reference-data/uc-departmentalofficer-referencedata-2-define-reference-data-set-structure/spec.md
205,terminology-and-reference-data,UC-DepartmentalOfficer-ReferenceData-3,Maintain Reference Data Values,Scope - Reference Data Set Management,openspec/specs/terminology-and-reference-data/uc-departmentalofficer-referencedata-3-maintain-reference-data-values/spec.md
206,terminology-and-reference-data,UC-DepartmentalOfficer-ReferenceData-4,Manage Reference Data Categories,Scope - Reference Data Set Management,openspec/specs/terminology-and-reference-data/uc-departmentalofficer-referencedata-4-manage-reference-data-categories/spec.md
207,terminology-and-reference-data,UC-DepartmentalOfficer-ReferenceData-5,Define Reference Data Relationships,Scope - Reference Data Set Management,openspec/specs/terminology-and-reference-data/uc-departmentalofficer-referencedata-5-define-reference-data-relationships/spec.md
208,terminology-and-reference-data,UC-DepartmentalOfficer-Terminology-1,Manage Clinical Terminology Sets,Scope - Terminology Management,openspec/specs/terminology-and-reference-data/uc-departmentalofficer-terminology-1-manage-clinical-terminology-sets/spec.md
209,terminology-and-reference-data,UC-DepartmentalOfficer-Terminology-2,Import External Terminology Content,Scope - Terminology Management,openspec/specs/terminology-and-reference-data/uc-departmentalofficer-terminology-2-import-external-terminology-content/spec.md
210,terminology-and-reference-data,UC-DepartmentalOfficer-Terminology-3,Validate Terminology Content,Scope - Terminology Management,openspec/specs/terminology-and-reference-data/uc-departmentalofficer-terminology-3-validate-terminology-content/spec.md
211,terminology-and-reference-data,UC-DepartmentalOfficer-Terminology-4,Manage Terminology Versions,Scope - Terminology Management,openspec/specs/terminology-and-reference-data/uc-departmentalofficer-terminology-4-manage-terminology-versions/spec.md
212,terminology-and-reference-data,UC-DepartmentalOfficer-Terminology-5,Retire Deprecated Terminology,Scope - Terminology Management,openspec/specs/terminology-and-reference-data/uc-departmentalofficer-terminology-5-retire-deprecated-terminology/spec.md
213,terminology-and-reference-data,UC-DepartmentalOfficer-CodeSet-1,Create Code Set,Scope - Code Set and Value Set Management,openspec/specs/terminology-and-reference-data/uc-departmentalofficer-codeset-1-create-code-set/spec.md
214,terminology-and-reference-data,UC-DepartmentalOfficer-CodeSet-2,Manage Code Set Members,Scope - Code Set and Value Set Management,openspec/specs/terminology-and-reference-data/uc-departmentalofficer-codeset-2-manage-code-set-members/spec.md
215,terminology-and-reference-data,UC-DepartmentalOfficer-CodeSet-3,Define Value Sets,Scope - Code Set and Value Set Management,openspec/specs/terminology-and-reference-data/uc-departmentalofficer-codeset-3-define-value-sets/spec.md
216,terminology-and-reference-data,UC-DepartmentalOfficer-CodeSet-4,Map Between Code Systems,Scope - Code Set and Value Set Management,openspec/specs/terminology-and-reference-data/uc-departmentalofficer-codeset-4-map-between-code-systems/spec.md
217,terminology-and-reference-data,UC-DepartmentalOfficer-CodeSet-5,Review Code System Changes,Scope - Code Set and Value Set Management,openspec/specs/terminology-and-reference-data/uc-departmentalofficer-codeset-5-review-code-system-changes/spec.md
218,terminology-and-reference-data,UC-DepartmentalOfficer-Classification-1,Manage Clinical Classifications,Scope - Clinical Classification Management,openspec/specs/terminology-and-reference-data/uc-departmentalofficer-classification-1-manage-clinical-classifications/spec.md
219,terminology-and-reference-data,UC-DepartmentalOfficer-Classification-2,Manage Diagnosis Classifications,Scope - Clinical Classification Management,openspec/specs/terminology-and-reference-data/uc-departmentalofficer-classification-2-manage-diagnosis-classifications/spec.md
220,terminology-and-reference-data,UC-DepartmentalOfficer-Classification-3,Manage Procedure Classifications,Scope - Clinical Classification Management,openspec/specs/terminology-and-reference-data/uc-departmentalofficer-classification-3-manage-procedure-classifications/spec.md
221,terminology-and-reference-data,UC-DepartmentalOfficer-Classification-4,Maintain Clinical Concept Mappings,Scope - Clinical Classification Management,openspec/specs/terminology-and-reference-data/uc-departmentalofficer-classification-4-maintain-clinical-concept-mappings/spec.md
222,terminology-and-reference-data,UC-DepartmentalOfficer-ReferenceData-6,Submit Reference Data Change Request,Scope - Governance and Approval,openspec/specs/terminology-and-reference-data/uc-departmentalofficer-referencedata-6-submit-reference-data-change-request/spec.md
223,terminology-and-reference-data,UC-DepartmentalOfficer-ReferenceData-7,Review Reference Data Changes,Scope - Governance and Approval,openspec/specs/terminology-and-reference-data/uc-departmentalofficer-referencedata-7-review-reference-data-changes/spec.md
224,terminology-and-reference-data,UC-DepartmentalOfficer-ReferenceData-8,Approve Reference Data Changes,Scope - Governance and Approval,openspec/specs/terminology-and-reference-data/uc-departmentalofficer-referencedata-8-approve-reference-data-changes/spec.md
225,terminology-and-reference-data,UC-DepartmentalOfficer-ReferenceData-9,Reject Reference Data Changes,Scope - Governance and Approval,openspec/specs/terminology-and-reference-data/uc-departmentalofficer-referencedata-9-reject-reference-data-changes/spec.md
226,governance-quality-and-audit,UC-DepartmentalOfficer-ReferenceData-10,Maintain Data Ownership Information,Scope - Governance and Approval,openspec/specs/governance-quality-and-audit/uc-departmentalofficer-referencedata-10-maintain-data-ownership-information/spec.md
227,terminology-and-reference-data,UC-DepartmentalOfficer-ReferenceData-11,Publish Reference Data Set,Scope - Publication and Distribution,openspec/specs/terminology-and-reference-data/uc-departmentalofficer-referencedata-11-publish-reference-data-set/spec.md
228,terminology-and-reference-data,UC-DepartmentalOfficer-ReferenceData-12,Manage Reference Data Availability,Scope - Publication and Distribution,openspec/specs/terminology-and-reference-data/uc-departmentalofficer-referencedata-12-manage-reference-data-availability/spec.md
229,terminology-and-reference-data,UC-DepartmentalOfficer-ReferenceData-13,Notify Consumers of Changes,Scope - Publication and Distribution,openspec/specs/terminology-and-reference-data/uc-departmentalofficer-referencedata-13-notify-consumers-of-changes/spec.md
230,terminology-and-reference-data,UC-DepartmentalOfficer-ReferenceData-14,Manage Reference Data Distribution Channels,Scope - Publication and Distribution,openspec/specs/terminology-and-reference-data/uc-departmentalofficer-referencedata-14-manage-reference-data-distribution-channels/spec.md
231,terminology-and-reference-data,UC-DepartmentalOfficer-ReferenceData-15,Validate Reference Data Quality,Scope - Data Quality and Compliance,openspec/specs/terminology-and-reference-data/uc-departmentalofficer-referencedata-15-validate-reference-data-quality/spec.md
232,governance-quality-and-audit,UC-DepartmentalOfficer-ReferenceData-16,Identify Duplicate Reference Values,Scope - Data Quality and Compliance,openspec/specs/governance-quality-and-audit/uc-departmentalofficer-referencedata-16-identify-duplicate-reference-values/spec.md
233,terminology-and-reference-data,UC-DepartmentalOfficer-ReferenceData-17,Audit Reference Data Changes,Scope - Data Quality and Compliance,openspec/specs/terminology-and-reference-data/uc-departmentalofficer-referencedata-17-audit-reference-data-changes/spec.md
234,terminology-and-reference-data,UC-DepartmentalOfficer-ReferenceData-18,Report Reference Data Usage,Scope - Data Quality and Compliance,openspec/specs/terminology-and-reference-data/uc-departmentalofficer-referencedata-18-report-reference-data-usage/spec.md
235,terminology-and-reference-data,UC-DepartmentalOfficer-Terminology-6,Manage Terminology Expansion Requests,Scope - Advanced Terminology Capabilities,openspec/specs/terminology-and-reference-data/uc-departmentalofficer-terminology-6-manage-terminology-expansion-requests/spec.md
236,terminology-and-reference-data,UC-DepartmentalOfficer-Terminology-7,Manage Local Extensions,Scope - Advanced Terminology Capabilities,openspec/specs/terminology-and-reference-data/uc-departmentalofficer-terminology-7-manage-local-extensions/spec.md
237,terminology-and-reference-data,UC-DepartmentalOfficer-Terminology-8,Compare Terminology Versions,Scope - Advanced Terminology Capabilities,openspec/specs/terminology-and-reference-data/uc-departmentalofficer-terminology-8-compare-terminology-versions/spec.md
238,terminology-and-reference-data,UC-DepartmentalOfficer-Terminology-9,Validate Terminology Mappings,Scope - Advanced Terminology Capabilities,openspec/specs/terminology-and-reference-data/uc-departmentalofficer-terminology-9-validate-terminology-mappings/spec.md
239,terminology-and-reference-data,UC-DepartmentalOfficer-Terminology-10,Manage Terminology Release Cycles,Scope - Advanced Terminology Capabilities,openspec/specs/terminology-and-reference-data/uc-departmentalofficer-terminology-10-manage-terminology-release-cycles/spec.md
240,patient-identity-management,UC-DepartmentalOfficer-Identity-1,Patient Identity Validation,Scope - Patient / Related Person Identity,openspec/specs/patient-identity-management/uc-departmentalofficer-identity-1-patient-identity-validation/spec.md
241,patient-identity-management,UC-DepartmentalOfficer-Identity-2,Identity Verification,Scope - Patient / Related Person Identity,openspec/specs/patient-identity-management/uc-departmentalofficer-identity-2-identity-verification/spec.md
242,patient-identity-management,UC-DepartmentalOfficer-Identity-3,Identity Evidence Review,Scope - Patient / Related Person Identity,openspec/specs/patient-identity-management/uc-departmentalofficer-identity-3-identity-evidence-review/spec.md
243,patient-identity-management,UC-DepartmentalOfficer-Identity-4,Resolve Identity Discrepancies,Scope - Patient / Related Person Identity,openspec/specs/patient-identity-management/uc-departmentalofficer-identity-4-resolve-identity-discrepancies/spec.md
244,patient-identity-management,UC-DepartmentalOfficer-Identity-5,Identity Record Update,Scope - Patient / Related Person Identity,openspec/specs/patient-identity-management/uc-departmentalofficer-identity-5-identity-record-update/spec.md
245,patient-identity-management,UC-DepartmentalOfficer-Identity-6,Duplicate Identity Detection,Scope - Patient / Related Person Identity,openspec/specs/patient-identity-management/uc-departmentalofficer-identity-6-duplicate-identity-detection/spec.md
246,patient-identity-management,UC-DepartmentalOfficer-Identity-7,Duplicate Identity Resolution,Scope - Patient / Related Person Identity,openspec/specs/patient-identity-management/uc-departmentalofficer-identity-7-duplicate-identity-resolution/spec.md
247,patient-identity-management,UC-DepartmentalOfficer-Identity-8,Identity Exception Management,Scope - Patient / Related Person Identity,openspec/specs/patient-identity-management/uc-departmentalofficer-identity-8-identity-exception-management/spec.md
248,patient-identity-management,UC-DepartmentalOfficer-Identity-9,Identity Status Review,Scope - Patient / Related Person Identity,openspec/specs/patient-identity-management/uc-departmentalofficer-identity-9-identity-status-review/spec.md
249,patient-identity-management,UC-DepartmentalOfficer-Identity-10,Identity Suspension,Scope - Patient / Related Person Identity,openspec/specs/patient-identity-management/uc-departmentalofficer-identity-10-identity-suspension/spec.md
250,patient-identity-management,UC-DepartmentalOfficer-Identity-11,Identity Reactivation,Scope - Patient / Related Person Identity,openspec/specs/patient-identity-management/uc-departmentalofficer-identity-11-identity-reactivation/spec.md
251,patient-identity-management,UC-DepartmentalOfficer-Identity-12,Identity Audit Review,Scope - Patient / Related Person Identity,openspec/specs/patient-identity-management/uc-departmentalofficer-identity-12-identity-audit-review/spec.md
252,patient-identity-management,UC-DepartmentalOfficer-Identity-13,Identity Access Approval,Scope - Patient / Related Person Identity,openspec/specs/patient-identity-management/uc-departmentalofficer-identity-13-identity-access-approval/spec.md
253,patient-identity-management,UC-DepartmentalOfficer-Identity-14,Identity Correction Request,Scope - Patient / Related Person Identity,openspec/specs/patient-identity-management/uc-departmentalofficer-identity-14-identity-correction-request/spec.md
254,patient-identity-management,UC-DepartmentalOfficer-Identity-15,Identity Document Management,Scope - Patient / Related Person Identity,openspec/specs/patient-identity-management/uc-departmentalofficer-identity-15-identity-document-management/spec.md
255,patient-identity-management,UC-DepartmentalOfficer-Identity-16,Identity Verification Renewal,Scope - Patient / Related Person Identity,openspec/specs/patient-identity-management/uc-departmentalofficer-identity-16-identity-verification-renewal/spec.md
256,patient-identity-management,UC-DepartmentalOfficer-Identity-17,Identity Risk Assessment,Scope - Patient / Related Person Identity,openspec/specs/patient-identity-management/uc-departmentalofficer-identity-17-identity-risk-assessment/spec.md
257,patient-identity-management,UC-DepartmentalOfficer-Identity-18,Identity Search,Scope - Patient / Related Person Identity,openspec/specs/patient-identity-management/uc-departmentalofficer-identity-18-identity-search/spec.md
258,patient-identity-management,UC-DepartmentalOfficer-Identity-19,Identity Linkage,Scope - Patient / Related Person Identity,openspec/specs/patient-identity-management/uc-departmentalofficer-identity-19-identity-linkage/spec.md
259,patient-identity-management,UC-DepartmentalOfficer-Identity-20,Identity Reporting,Scope - Patient / Related Person Identity,openspec/specs/patient-identity-management/uc-departmentalofficer-identity-20-identity-reporting/spec.md
260,provider-management,UC-DepartmentalOfficer-ProviderDirectory-1,Register a Clinician,Scope - Clinician Registration,openspec/specs/provider-management/uc-departmentalofficer-providerdirectory-1-register-a-clinician/spec.md
261,provider-management,UC-DepartmentalOfficer-ProviderDirectory-2,Verify Clinician Identity,Scope - Clinician Registration,openspec/specs/provider-management/uc-departmentalofficer-providerdirectory-2-verify-clinician-identity/spec.md
262,provider-management,UC-DepartmentalOfficer-ProviderDirectory-3,Verify Professional Registration,Scope - Clinician Registration,openspec/specs/provider-management/uc-departmentalofficer-providerdirectory-3-verify-professional-registration/spec.md
263,provider-management,UC-DepartmentalOfficer-ProviderDirectory-4,Verify Qualifications,Scope - Clinician Registration,openspec/specs/provider-management/uc-departmentalofficer-providerdirectory-4-verify-qualifications/spec.md
264,provider-management,UC-DepartmentalOfficer-ProviderDirectory-5,Review Profile Changes,Scope - Profile Management,openspec/specs/provider-management/uc-departmentalofficer-providerdirectory-5-review-profile-changes/spec.md
265,provider-management,UC-DepartmentalOfficer-ProviderDirectory-6,Approve Profile Updates,Scope - Profile Management,openspec/specs/provider-management/uc-departmentalofficer-providerdirectory-6-approve-profile-updates/spec.md
266,provider-management,UC-DepartmentalOfficer-ProviderDirectory-7,Reject Profile Updates,Scope - Profile Management,openspec/specs/provider-management/uc-departmentalofficer-providerdirectory-7-reject-profile-updates/spec.md
267,provider-management,UC-DepartmentalOfficer-ProviderDirectory-8,Maintain Clinician Profiles,Scope - Profile Management,openspec/specs/provider-management/uc-departmentalofficer-providerdirectory-8-maintain-clinician-profiles/spec.md
268,provider-management,UC-DepartmentalOfficer-ProviderDirectory-9,Manage Organisation Affiliations,Scope -	Organisation and Role Management,openspec/specs/provider-management/uc-departmentalofficer-providerdirectory-9-manage-organisation-affiliations/spec.md
269,provider-management,UC-DepartmentalOfficer-ProviderDirectory-10,Manage Clinician Roles,Scope -	Organisation and Role Management,openspec/specs/provider-management/uc-departmentalofficer-providerdirectory-10-manage-clinician-roles/spec.md
270,provider-management,UC-DepartmentalOfficer-ProviderDirectory-11,Manage Practice Locations,Scope -	Organisation and Role Management,openspec/specs/provider-management/uc-departmentalofficer-providerdirectory-11-manage-practice-locations/spec.md
271,provider-management,UC-DepartmentalOfficer-ProviderDirectory-12,Manage Service Availability,Scope -	Organisation and Role Management,openspec/specs/provider-management/uc-departmentalofficer-providerdirectory-12-manage-service-availability/spec.md
272,provider-management,UC-DepartmentalOfficer-ProviderDirectory-13,Manage Professional Credentials,Scope - Credentials and Authorisations,openspec/specs/provider-management/uc-departmentalofficer-providerdirectory-13-manage-professional-credentials/spec.md
273,provider-management,UC-DepartmentalOfficer-ProviderDirectory-14,Monitor Credential Expiry,Scope - Credentials and Authorisations,openspec/specs/provider-management/uc-departmentalofficer-providerdirectory-14-monitor-credential-expiry/spec.md
274,provider-management,UC-DepartmentalOfficer-ProviderDirectory-15,Suspend Clinician Listings,Scope - Credentials and Authorisations,openspec/specs/provider-management/uc-departmentalofficer-providerdirectory-15-suspend-clinician-listings/spec.md
275,provider-management,UC-DepartmentalOfficer-ProviderDirectory-16,Reinstate Clinician Listings,Scope - Credentials and Authorisations,openspec/specs/provider-management/uc-departmentalofficer-providerdirectory-16-reinstate-clinician-listings/spec.md
276,provider-management,UC-DepartmentalOfficer-ProviderDirectory-17,Manage Electronic Service Endpoints,Scope - Electronic Services (Provider Directory),openspec/specs/provider-management/uc-departmentalofficer-providerdirectory-17-manage-electronic-service-endpoints/spec.md
277,provider-management,UC-DepartmentalOfficer-ProviderDirectory-18,Verify Electronic Endpoints,Scope - Electronic Services (Provider Directory),openspec/specs/provider-management/uc-departmentalofficer-providerdirectory-18-verify-electronic-endpoints/spec.md
278,provider-management,UC-DepartmentalOfficer-ProviderDirectory-19,Publish Clinician Profiles,Scope - Publication and Visibility (Provider Directory),openspec/specs/provider-management/uc-departmentalofficer-providerdirectory-19-publish-clinician-profiles/spec.md
279,provider-management,UC-DepartmentalOfficer-ProviderDirectory-20,Manage Directory Visibility,Scope - Publication and Visibility (Provider Directory),openspec/specs/provider-management/uc-departmentalofficer-providerdirectory-20-manage-directory-visibility/spec.md
280,provider-management,UC-DepartmentalOfficer-ProviderDirectory-26,Verify External Provider Organisations,Scope - Advanced Enterprise Provider Directory,openspec/specs/provider-management/uc-departmentalofficer-providerdirectory-26-verify-external-provider-organisations/spec.md
281,provider-management,UC-DepartmentalOfficer-ProviderDirectory-27,Manage Clinician Identifiers,Scope - Advanced Enterprise Provider Directory,openspec/specs/provider-management/uc-departmentalofficer-providerdirectory-27-manage-clinician-identifiers/spec.md
282,provider-management,UC-DepartmentalOfficer-ProviderDirectory-28,Manage Clinician Role History,Scope - Advanced Enterprise Provider Directory,openspec/specs/provider-management/uc-departmentalofficer-providerdirectory-28-manage-clinician-role-history/spec.md
283,provider-management,UC-DepartmentalOfficer-ProviderDirectory-29,Manage Verification Policies,Scope - Advanced Enterprise Provider Directory,openspec/specs/provider-management/uc-departmentalofficer-providerdirectory-29-manage-verification-policies/spec.md
284,provider-management,UC-DepartmentalOfficer-ProviderDirectory-30,Review Directory Usage,Scope - Advanced Enterprise Provider Directory,openspec/specs/provider-management/uc-departmentalofficer-providerdirectory-30-review-directory-usage/spec.md
285,patient-identity-management,UC-Integration-Identity-1,Receive New Patient Registration,Scope - Identity Creation and Registration,openspec/specs/patient-identity-management/uc-integration-identity-1-receive-new-patient-registration/spec.md
286,patient-identity-management,UC-Integration-Identity-2,Submit New Patient Identity,Scope - Identity Creation and Registration,openspec/specs/patient-identity-management/uc-integration-identity-2-submit-new-patient-identity/spec.md
287,patient-identity-management,UC-Integration-Identity-3,Validate Patient Identity Data,Scope - Identity Creation and Registration,openspec/specs/patient-identity-management/uc-integration-identity-3-validate-patient-identity-data/spec.md
288,patient-identity-management,UC-Integration-Identity-4,Receive Identity Validation Outcome,Scope - Identity Creation and Registration,openspec/specs/patient-identity-management/uc-integration-identity-4-receive-identity-validation-outcome/spec.md
289,patient-identity-management,UC-Integration-Identity-5,Submit Patient Identity for Matching,Scope - Identity Matching and Resolution,openspec/specs/patient-identity-management/uc-integration-identity-5-submit-patient-identity-for-matching/spec.md
290,patient-identity-management,UC-Integration-Identity-6,Receive Patient Match Results,Scope - Identity Matching and Resolution,openspec/specs/patient-identity-management/uc-integration-identity-6-receive-patient-match-results/spec.md
291,patient-identity-management,UC-Integration-Identity-7,Receive Possible Duplicate Alerts,Scope - Identity Matching and Resolution,openspec/specs/patient-identity-management/uc-integration-identity-7-receive-possible-duplicate-alerts/spec.md
292,patient-identity-management,UC-Integration-Identity-8,Submit Identity Reconciliation Request,Scope - Identity Matching and Resolution,openspec/specs/patient-identity-management/uc-integration-identity-8-submit-identity-reconciliation-request/spec.md
293,patient-identity-management,UC-Integration-Identity-9,Receive Golden Patient Identity,Scope - Identity Matching and Resolution,openspec/specs/patient-identity-management/uc-integration-identity-9-receive-golden-patient-identity/spec.md
294,patient-identity-management,UC-Integration-Identity-10,Receive Patient Identity Updates,Scope - Identity Data Synchronisation,openspec/specs/patient-identity-management/uc-integration-identity-10-receive-patient-identity-updates/spec.md
295,patient-identity-management,UC-Integration-Identity-11,Publish Patient Identity Changes,Scope - Identity Data Synchronisation,openspec/specs/patient-identity-management/uc-integration-identity-11-publish-patient-identity-changes/spec.md
296,patient-identity-management,UC-Integration-Identity-12,Synchronise Patient Demographic Attributes,Scope - Identity Data Synchronisation,openspec/specs/patient-identity-management/uc-integration-identity-12-synchronise-patient-demographic-attributes/spec.md
297,patient-identity-management,UC-Integration-Identity-13,Synchronise Identity Status Changes,Scope - Identity Data Synchronisation,openspec/specs/patient-identity-management/uc-integration-identity-13-synchronise-identity-status-changes/spec.md
298,patient-identity-management,UC-Integration-Identity-14,Receive Identity Merge Notifications,Scope - Identity Data Synchronisation,openspec/specs/patient-identity-management/uc-integration-identity-14-receive-identity-merge-notifications/spec.md
299,patient-identity-management,UC-Integration-Identity-15,Receive Identity Separation Notifications,Scope - Identity Data Synchronisation,openspec/specs/patient-identity-management/uc-integration-identity-15-receive-identity-separation-notifications/spec.md
300,patient-identity-management,UC-Integration-Identity-16,Search for Patient Identity,Scope - Identity Query and Retrieval,openspec/specs/patient-identity-management/uc-integration-identity-16-search-for-patient-identity/spec.md
301,patient-identity-management,UC-Integration-Identity-17,Retrieve Patient Identity Details,Scope - Identity Query and Retrieval,openspec/specs/patient-identity-management/uc-integration-identity-17-retrieve-patient-identity-details/spec.md
302,patient-identity-management,UC-Integration-Identity-18,Retrieve Patient Identifier Cross References,Scope - Identity Query and Retrieval,openspec/specs/patient-identity-management/uc-integration-identity-18-retrieve-patient-identifier-cross-references/spec.md
303,patient-identity-management,UC-Integration-Identity-19,Resolve External Patient Identifier,Scope - Identity Query and Retrieval,openspec/specs/patient-identity-management/uc-integration-identity-19-resolve-external-patient-identifier/spec.md
304,patient-identity-management,UC-Integration-Identity-20,Submit Identity Verification Request,Scope - Identity Verification and Assurance,openspec/specs/patient-identity-management/uc-integration-identity-20-submit-identity-verification-request/spec.md
305,patient-identity-management,UC-Integration-Identity-21,Receive Identity Verification Status,Scope - Identity Verification and Assurance,openspec/specs/patient-identity-management/uc-integration-identity-21-receive-identity-verification-status/spec.md
306,patient-identity-management,UC-Integration-Identity-22,Exchange Identity Evidence Status,Scope - Identity Verification and Assurance,openspec/specs/patient-identity-management/uc-integration-identity-22-exchange-identity-evidence-status/spec.md
307,patient-identity-management,UC-Integration-Identity-23,Receive Identity Risk Indicators,Scope - Identity Verification and Assurance,openspec/specs/patient-identity-management/uc-integration-identity-23-receive-identity-risk-indicators/spec.md
308,consent-and-information-sharing,UC-Integration-Identity-24,Verify Authorisation Before Identity Access,Scope - Privacy and Consent-Aware Identity Exchange,openspec/specs/consent-and-information-sharing/uc-integration-identity-24-verify-authorisation-before-identity-access/spec.md
309,consent-and-information-sharing,UC-Integration-Identity-25,Apply Identity Data Access Rules,Scope - Privacy and Consent-Aware Identity Exchange,openspec/specs/consent-and-information-sharing/uc-integration-identity-25-apply-identity-data-access-rules/spec.md
310,consent-and-information-sharing,UC-Integration-Identity-26,Mask Restricted Identity Information,Scope - Privacy and Consent-Aware Identity Exchange,openspec/specs/consent-and-information-sharing/uc-integration-identity-26-mask-restricted-identity-information/spec.md
311,consent-and-information-sharing,UC-Integration-Identity-27,Audit Identity Data Exchange,Scope - Privacy and Consent-Aware Identity Exchange,openspec/specs/consent-and-information-sharing/uc-integration-identity-27-audit-identity-data-exchange/spec.md
312,provider-directory-integration,UC-Integration-Identity-28,Monitor Identity Interface Availability,Scope - Operational and Integration Management,openspec/specs/provider-directory-integration/uc-integration-identity-28-monitor-identity-interface-availability/spec.md
313,provider-directory-integration,UC-Integration-Identity-29,Handle Identity Exchange Errors,Scope - Operational and Integration Management,openspec/specs/provider-directory-integration/uc-integration-identity-29-handle-identity-exchange-errors/spec.md
314,provider-directory-integration,UC-Integration-Identity-30,Reconcile Identity Synchronisation Failures,Scope - Operational and Integration Management,openspec/specs/provider-directory-integration/uc-integration-identity-30-reconcile-identity-synchronisation-failures/spec.md
315,provider-directory-integration,UC-Integration-ProviderDirectory-1,Receive New Clinician Registration,Scope - Provider Registration and Onboarding,openspec/specs/provider-directory-integration/uc-integration-providerdirectory-1-receive-new-clinician-registration/spec.md
316,provider-directory-integration,UC-Integration-ProviderDirectory-2,Submit Clinician Details,Scope - Provider Registration and Onboarding,openspec/specs/provider-directory-integration/uc-integration-providerdirectory-2-submit-clinician-details/spec.md
317,provider-directory-integration,UC-Integration-ProviderDirectory-3,Validate Clinician Information,Scope - Provider Registration and Onboarding,openspec/specs/provider-directory-integration/uc-integration-providerdirectory-3-validate-clinician-information/spec.md
318,provider-directory-integration,UC-Integration-ProviderDirectory-4,Receive Provider Registration Outcome,Scope - Provider Registration and Onboarding,openspec/specs/provider-directory-integration/uc-integration-providerdirectory-4-receive-provider-registration-outcome/spec.md
319,provider-directory-integration,UC-Integration-ProviderDirectory-5,Receive Clinician Profile Updates,Scope - Provider Profile Synchronisation,openspec/specs/provider-directory-integration/uc-integration-providerdirectory-5-receive-clinician-profile-updates/spec.md
320,provider-directory-integration,UC-Integration-ProviderDirectory-6,Publish Provider Directory Changes,Scope - Provider Profile Synchronisation,openspec/specs/provider-directory-integration/uc-integration-providerdirectory-6-publish-provider-directory-changes/spec.md
321,provider-directory-integration,UC-Integration-ProviderDirectory-7,Synchronise Clinician Credentials,Scope - Provider Profile Synchronisation,openspec/specs/provider-directory-integration/uc-integration-providerdirectory-7-synchronise-clinician-credentials/spec.md
322,provider-directory-integration,UC-Integration-ProviderDirectory-8,Synchronise Clinician Roles,Scope - Provider Profile Synchronisation,openspec/specs/provider-directory-integration/uc-integration-providerdirectory-8-synchronise-clinician-roles/spec.md
323,provider-directory-integration,UC-Integration-ProviderDirectory-9,Synchronise Organisation Affiliations,Scope - Provider Profile Synchronisation,openspec/specs/provider-directory-integration/uc-integration-providerdirectory-9-synchronise-organisation-affiliations/spec.md
324,provider-directory-integration,UC-Integration-ProviderDirectory-10,Synchronise Practice Locations,Scope - Provider Profile Synchronisation,openspec/specs/provider-directory-integration/uc-integration-providerdirectory-10-synchronise-practice-locations/spec.md
325,provider-directory-integration,UC-Integration-ProviderDirectory-11,Search Providers by Clinician Attributes,Scope - Provider Search and Discovery,openspec/specs/provider-directory-integration/uc-integration-providerdirectory-11-search-providers-by-clinician-attributes/spec.md
326,provider-directory-integration,UC-Integration-ProviderDirectory-12,Search Providers by Specialty,Scope - Provider Search and Discovery,openspec/specs/provider-directory-integration/uc-integration-providerdirectory-12-search-providers-by-specialty/spec.md
327,provider-directory-integration,UC-Integration-ProviderDirectory-13,Search Providers by Healthcare Service,Scope - Provider Search and Discovery,openspec/specs/provider-directory-integration/uc-integration-providerdirectory-13-search-providers-by-healthcare-service/spec.md
328,provider-directory-integration,UC-Integration-ProviderDirectory-14,Search Providers by Clinical Capability,Scope - Provider Search and Discovery,openspec/specs/provider-directory-integration/uc-integration-providerdirectory-14-search-providers-by-clinical-capability/spec.md
329,provider-directory-integration,UC-Integration-ProviderDirectory-15,Search Providers by Participant Requirements,Scope - Provider Search and Discovery,openspec/specs/provider-directory-integration/uc-integration-providerdirectory-15-search-providers-by-participant-requirements/spec.md
330,provider-directory-integration,UC-Integration-ProviderDirectory-16,Retrieve Provider Search Results,Scope - Provider Search and Discovery,openspec/specs/provider-directory-integration/uc-integration-providerdirectory-16-retrieve-provider-search-results/spec.md
331,provider-directory-integration,UC-Integration-ProviderDirectory-17,Identify Referral Destination,Scope - Referral and Care Coordination Integration,openspec/specs/provider-directory-integration/uc-integration-providerdirectory-17-identify-referral-destination/spec.md
332,provider-directory-integration,UC-Integration-ProviderDirectory-18,Retrieve Referral Contact Information,Scope - Referral and Care Coordination Integration,openspec/specs/provider-directory-integration/uc-integration-providerdirectory-18-retrieve-referral-contact-information/spec.md
333,provider-directory-integration,UC-Integration-ProviderDirectory-19,Retrieve Referral Requirements,Scope - Referral and Care Coordination Integration,openspec/specs/provider-directory-integration/uc-integration-providerdirectory-19-retrieve-referral-requirements/spec.md
334,provider-directory-integration,UC-Integration-ProviderDirectory-20,Validate Referral Recipient,Scope - Referral and Care Coordination Integration,openspec/specs/provider-directory-integration/uc-integration-providerdirectory-20-validate-referral-recipient/spec.md
335,provider-directory-integration,UC-Integration-ProviderDirectory-21,Retrieve Provider Communication Endpoints,Scope - Electronic Communication and Endpoint Management,openspec/specs/provider-directory-integration/uc-integration-providerdirectory-21-retrieve-provider-communication-endpoints/spec.md
336,provider-directory-integration,UC-Integration-ProviderDirectory-22,Synchronise Provider Endpoints,Scope - Electronic Communication and Endpoint Management,openspec/specs/provider-directory-integration/uc-integration-providerdirectory-22-synchronise-provider-endpoints/spec.md
337,provider-directory-integration,UC-Integration-ProviderDirectory-23,Validate Provider Endpoint Availability,Scope - Electronic Communication and Endpoint Management,openspec/specs/provider-directory-integration/uc-integration-providerdirectory-23-validate-provider-endpoint-availability/spec.md
338,provider-directory-integration,UC-Integration-ProviderDirectory-24,Receive Endpoint Status Changes,Scope - Electronic Communication and Endpoint Management,openspec/specs/provider-directory-integration/uc-integration-providerdirectory-24-receive-endpoint-status-changes/spec.md
339,provider-directory-integration,UC-Integration-ProviderDirectory-25,Receive Clinician Status Changes,Scope - Provider Status and Lifecycle Management,openspec/specs/provider-directory-integration/uc-integration-providerdirectory-25-receive-clinician-status-changes/spec.md
340,provider-directory-integration,UC-Integration-ProviderDirectory-26,Synchronise Clinician Suspension Status,Scope - Provider Status and Lifecycle Management,openspec/specs/provider-directory-integration/uc-integration-providerdirectory-26-synchronise-clinician-suspension-status/spec.md
341,provider-directory-integration,UC-Integration-ProviderDirectory-27,Receive Clinician Retirement Notification,Scope - Provider Status and Lifecycle Management,openspec/specs/provider-directory-integration/uc-integration-providerdirectory-27-receive-clinician-retirement-notification/spec.md
342,provider-directory-integration,UC-Integration-ProviderDirectory-28,Archive Inactive Provider Records,Scope - Provider Status and Lifecycle Management,openspec/specs/provider-directory-integration/uc-integration-providerdirectory-28-archive-inactive-provider-records/spec.md
343,provider-directory-integration,UC-Integration-ProviderDirectory-29,Resolve Clinician Identifier,Scope - Provider Identity and Matching,openspec/specs/provider-directory-integration/uc-integration-providerdirectory-29-resolve-clinician-identifier/spec.md
344,provider-directory-integration,UC-Integration-ProviderDirectory-30,Match Provider Records,Scope - Provider Identity and Matching,openspec/specs/provider-directory-integration/uc-integration-providerdirectory-30-match-provider-records/spec.md
345,provider-directory-integration,UC-Integration-ProviderDirectory-31,Receive Provider Identifier Cross References,Scope - Provider Identity and Matching,openspec/specs/provider-directory-integration/uc-integration-providerdirectory-31-receive-provider-identifier-cross-references/spec.md
346,provider-directory-integration,UC-Integration-ProviderDirectory-32,Validate Provider Data Quality,"Scope - Governance, Quality and Audit",openspec/specs/provider-directory-integration/uc-integration-providerdirectory-32-validate-provider-data-quality/spec.md
347,provider-directory-integration,UC-Integration-ProviderDirectory-33,Receive Provider Data Validation Results,"Scope - Governance, Quality and Audit",openspec/specs/provider-directory-integration/uc-integration-providerdirectory-33-receive-provider-data-validation-results/spec.md
348,provider-directory-integration,UC-Integration-ProviderDirectory-34,Audit Provider Information Exchange,"Scope - Governance, Quality and Audit",openspec/specs/provider-directory-integration/uc-integration-providerdirectory-34-audit-provider-information-exchange/spec.md
349,provider-directory-integration,UC-Integration-ProviderDirectory-35,Monitor Provider Integration Interfaces,"Scope - Governance, Quality and Audit",openspec/specs/provider-directory-integration/uc-integration-providerdirectory-35-monitor-provider-integration-interfaces/spec.md
350,provider-directory-integration,UC-Integration-ProviderDirectory-36,Reconcile Provider Synchronisation Failures,"Scope - Governance, Quality and Audit",openspec/specs/provider-directory-integration/uc-integration-providerdirectory-36-reconcile-provider-synchronisation-failures/spec.md
351,governance-quality-and-audit,UC-1 of DoH_Requirements_Specification_PD v0.3.docx.,Receive External Provider Details from Tasmanian Provider Data Store,"Scope - Governance, Quality and Audit",openspec/specs/governance-quality-and-audit/uc-1-of-doh-requirements-specification-pd-v0-3-docx-receive-external-provider-details-from-tasmanian-provider-data-store/spec.md
352,provider-directory-integration,UC-2,Receive Care Provider Details from National Provider Data Store,Additional Source Use Cases and System Requirements,openspec/specs/provider-directory-integration/uc-2-receive-care-provider-details-from-national-provider-data-store/spec.md
353,provider-directory-integration,UC-3,Enrich Provider Records from Multiple Data Sources,Additional Source Use Cases and System Requirements,openspec/specs/provider-directory-integration/uc-3-enrich-provider-records-from-multiple-data-sources/spec.md
354,provider-directory-integration,UC-4,Receive Care Provider Details from Department of Health Systems,Additional Source Use Cases and System Requirements,openspec/specs/provider-directory-integration/uc-4-receive-care-provider-details-from-department-of-health-systems/spec.md
355,provider-directory-integration,UC-5,Confirm Provider Status from National Provider Data Store,Additional Source Use Cases and System Requirements,openspec/specs/provider-directory-integration/uc-5-confirm-provider-status-from-national-provider-data-store/spec.md
356,provider-directory-integration,UC-6,Confirm Provider Identity from National Provider Data Store,Additional Source Use Cases and System Requirements,openspec/specs/provider-directory-integration/uc-6-confirm-provider-identity-from-national-provider-data-store/spec.md
357,provider-directory-integration,UC-7,Supply Care Provider Details to Other Systems via Integration,Additional Source Use Cases and System Requirements,openspec/specs/provider-directory-integration/uc-7-supply-care-provider-details-to-other-systems-via-integration/spec.md
358,provider-directory-integration,UC-8,Share Care Provider Details with Other Systems Using Manual Processes,Additional Source Use Cases and System Requirements,openspec/specs/provider-directory-integration/uc-8-share-care-provider-details-with-other-systems-using-manual-processes/spec.md
359,provider-directory-integration,UC-9,Supply Care Provider Details via an API,Additional Source Use Cases and System Requirements,openspec/specs/provider-directory-integration/uc-9-supply-care-provider-details-via-an-api/spec.md
360,provider-directory-integration,UC-10,Broadcast Care Provider Details to Rhapsody Integration Engine,Additional Source Use Cases and System Requirements,openspec/specs/provider-directory-integration/uc-10-broadcast-care-provider-details-to-rhapsody-integration-engine/spec.md
361,provider-directory-integration,UC-11,Maintain Care Provider Details,Additional Source Use Cases and System Requirements,openspec/specs/provider-directory-integration/uc-11-maintain-care-provider-details/spec.md
362,provider-directory-integration,UC-12,Generate Reports on Care Provider Data Integrity,Additional Source Use Cases and System Requirements,openspec/specs/provider-directory-integration/uc-12-generate-reports-on-care-provider-data-integrity/spec.md
363,provider-directory-integration,UC-13,Maintain Provider Directory Reference Data,Additional Source Use Cases and System Requirements,openspec/specs/provider-directory-integration/uc-13-maintain-provider-directory-reference-data/spec.md
364,provider-directory-integration,SR-1,Receive Provider Information from Primary Health Care Provider Data Store,Additional Source Use Cases and System Requirements,openspec/specs/provider-directory-integration/sr-1-receive-provider-information-from-primary-health-care-provider-data-store/spec.md
365,provider-directory-integration,SR-2,Verify Incoming Provider Information,Additional Source Use Cases and System Requirements,openspec/specs/provider-directory-integration/sr-2-verify-incoming-provider-information/spec.md
366,provider-directory-integration,SR-3,Store a Unique Provider Identifier,Additional Source Use Cases and System Requirements,openspec/specs/provider-directory-integration/sr-3-store-a-unique-provider-identifier/spec.md
367,provider-directory-integration,SR-4,Match Incoming Data Using Unique Provider Identifiers,Additional Source Use Cases and System Requirements,openspec/specs/provider-directory-integration/sr-4-match-incoming-data-using-unique-provider-identifiers/spec.md
368,provider-directory-integration,SR-5,Confirm Provider Information Was Successfully Added,Additional Source Use Cases and System Requirements,openspec/specs/provider-directory-integration/sr-5-confirm-provider-information-was-successfully-added/spec.md
369,provider-directory-integration,SR-6,Control When Provider Information Is Added,Additional Source Use Cases and System Requirements,openspec/specs/provider-directory-integration/sr-6-control-when-provider-information-is-added/spec.md
370,provider-directory-integration,SR-7,Receive Provider Information from National Data Sources,Additional Source Use Cases and System Requirements,openspec/specs/provider-directory-integration/sr-7-receive-provider-information-from-national-data-sources/spec.md
371,provider-directory-integration,SR-8,Verify Provider Information Received from National Sources,Additional Source Use Cases and System Requirements,openspec/specs/provider-directory-integration/sr-8-verify-provider-information-received-from-national-sources/spec.md
372,provider-directory-integration,SR-9,Match National Provider Updates to Existing Records,Additional Source Use Cases and System Requirements,openspec/specs/provider-directory-integration/sr-9-match-national-provider-updates-to-existing-records/spec.md
373,provider-directory-integration,SR-10,Confirm Provider Information Was Successfully Updated,Additional Source Use Cases and System Requirements,openspec/specs/provider-directory-integration/sr-10-confirm-provider-information-was-successfully-updated/spec.md
374,provider-directory-integration,SR-11,Control National Provider Data Integration,Additional Source Use Cases and System Requirements,openspec/specs/provider-directory-integration/sr-11-control-national-provider-data-integration/spec.md
375,provider-directory-integration,SR-12,Combine National Provider Information with Provider Directory Data,Additional Source Use Cases and System Requirements,openspec/specs/provider-directory-integration/sr-12-combine-national-provider-information-with-provider-directory-data/spec.md
376,provider-directory-integration,SR-13,Track the Source of Each Provider Attribute,Additional Source Use Cases and System Requirements,openspec/specs/provider-directory-integration/sr-13-track-the-source-of-each-provider-attribute/spec.md
377,provider-directory-integration,SR-14,Define Attribute Update Authority by Source,Additional Source Use Cases and System Requirements,openspec/specs/provider-directory-integration/sr-14-define-attribute-update-authority-by-source/spec.md
378,provider-directory-integration,SR-15,Reject Updates to Restricted Attributes,Additional Source Use Cases and System Requirements,openspec/specs/provider-directory-integration/sr-15-reject-updates-to-restricted-attributes/spec.md
379,provider-directory-integration,SR-16,Ensure Attributes Are Updated Only by Approved Sources,Additional Source Use Cases and System Requirements,openspec/specs/provider-directory-integration/sr-16-ensure-attributes-are-updated-only-by-approved-sources/spec.md
380,provider-directory-integration,SR-17,View and Maintain Attribute Source Update Rules,Additional Source Use Cases and System Requirements,openspec/specs/provider-directory-integration/sr-17-view-and-maintain-attribute-source-update-rules/spec.md
381,provider-directory-integration,SR-18,Manage Provider Record Status,Additional Source Use Cases and System Requirements,openspec/specs/provider-directory-integration/sr-18-manage-provider-record-status/spec.md
382,provider-directory-integration,SR-19,Control Distribution of Provider Records,Additional Source Use Cases and System Requirements,openspec/specs/provider-directory-integration/sr-19-control-distribution-of-provider-records/spec.md
383,provider-directory-integration,SR-20,Receive Provider Information from Internal DoH Systems,Additional Source Use Cases and System Requirements,openspec/specs/provider-directory-integration/sr-20-receive-provider-information-from-internal-doh-systems/spec.md
384,provider-directory-integration,SR-21,Verify Provider Information Received from Internal Systems,Additional Source Use Cases and System Requirements,openspec/specs/provider-directory-integration/sr-21-verify-provider-information-received-from-internal-systems/spec.md
385,provider-directory-integration,SR-22,Store Unique Provider Identifiers for Compliance,Additional Source Use Cases and System Requirements,openspec/specs/provider-directory-integration/sr-22-store-unique-provider-identifiers-for-compliance/spec.md
386,provider-directory-integration,SR-23,Match Internal Provider Data Using Unique Identifiers,Additional Source Use Cases and System Requirements,openspec/specs/provider-directory-integration/sr-23-match-internal-provider-data-using-unique-identifiers/spec.md
387,provider-directory-integration,SR-24,Confirm Internal Provider Information Was Successfully Added,Additional Source Use Cases and System Requirements,openspec/specs/provider-directory-integration/sr-24-confirm-internal-provider-information-was-successfully-added/spec.md
388,provider-directory-integration,SR-25,Control Internal Provider Data Integration,Additional Source Use Cases and System Requirements,openspec/specs/provider-directory-integration/sr-25-control-internal-provider-data-integration/spec.md
389,provider-directory-integration,SR-26,Verify Provider Registration Status Against National Provider Data Store,Additional Source Requirements – SR-26 to SR-58,openspec/specs/provider-directory-integration/sr-26-verify-provider-registration-status-against-national-provider-data-store/spec.md
390,provider-directory-integration,SR-27,Store Provider Registration Status and Source,Additional Source Requirements – SR-26 to SR-58,openspec/specs/provider-directory-integration/sr-27-store-provider-registration-status-and-source/spec.md
391,provider-directory-integration,SR-28,Alert Administrators When Provider Registration Status Changes,Additional Source Requirements – SR-26 to SR-58,openspec/specs/provider-directory-integration/sr-28-alert-administrators-when-provider-registration-status-changes/spec.md
392,provider-directory-integration,SR-29,Confirm Provider Identity Using National Provider Data Store,Additional Source Requirements – SR-26 to SR-58,openspec/specs/provider-directory-integration/sr-29-confirm-provider-identity-using-national-provider-data-store/spec.md
393,provider-directory-integration,SR-30,Validate HPI-I or HPI-O for Compliance,Additional Source Requirements – SR-26 to SR-58,openspec/specs/provider-directory-integration/sr-30-validate-hpi-i-or-hpi-o-for-compliance/spec.md
394,provider-directory-integration,SR-31,Trace Provider Identity Verification,Additional Source Requirements – SR-26 to SR-58,openspec/specs/provider-directory-integration/sr-31-trace-provider-identity-verification/spec.md
395,provider-directory-integration,SR-32,Supply Provider Data to Systems via Integration,Additional Source Requirements – SR-26 to SR-58,openspec/specs/provider-directory-integration/sr-32-supply-provider-data-to-systems-via-integration/spec.md
396,provider-directory-integration,SR-33,Receive Provider Details via Integration,Additional Source Requirements – SR-26 to SR-58,openspec/specs/provider-directory-integration/sr-33-receive-provider-details-via-integration/spec.md
397,provider-directory-integration,SR-34,Ensure Accurate Provider Records Are Sent to Systems,Additional Source Requirements – SR-26 to SR-58,openspec/specs/provider-directory-integration/sr-34-ensure-accurate-provider-records-are-sent-to-systems/spec.md
398,provider-directory-integration,SR-35,Monitor and Manage Outbound Provider Data,Additional Source Requirements – SR-26 to SR-58,openspec/specs/provider-directory-integration/sr-35-monitor-and-manage-outbound-provider-data/spec.md
399,provider-directory-integration,SR-36,Generate and Export Provider Data in a Standard Format,Additional Source Requirements – SR-26 to SR-58,openspec/specs/provider-directory-integration/sr-36-generate-and-export-provider-data-in-a-standard-format/spec.md
400,provider-directory-integration,SR-37,Receive Provider Data Updates in a Usable Manual Format,Additional Source Requirements – SR-26 to SR-58,openspec/specs/provider-directory-integration/sr-37-receive-provider-data-updates-in-a-usable-manual-format/spec.md
401,provider-directory-integration,SR-38,Notify System Administrators of Provider Record Changes,Additional Source Requirements – SR-26 to SR-58,openspec/specs/provider-directory-integration/sr-38-notify-system-administrators-of-provider-record-changes/spec.md
402,provider-directory-integration,SR-39,Record Provider Data Exports,Additional Source Requirements – SR-26 to SR-58,openspec/specs/provider-directory-integration/sr-39-record-provider-data-exports/spec.md
403,provider-directory-integration,SR-40,Expose Provider Data via an API,Additional Source Requirements – SR-26 to SR-58,openspec/specs/provider-directory-integration/sr-40-expose-provider-data-via-an-api/spec.md
404,provider-directory-integration,SR-41,Apply Industry-Standard API Practices,Additional Source Requirements – SR-26 to SR-58,openspec/specs/provider-directory-integration/sr-41-apply-industry-standard-api-practices/spec.md
405,provider-directory-integration,SR-42,Configure Provider Data Exposed Through the API,Additional Source Requirements – SR-26 to SR-58,openspec/specs/provider-directory-integration/sr-42-configure-provider-data-exposed-through-the-api/spec.md
406,provider-directory-integration,SR-43,Monitor Provider Directory API Feeds,Additional Source Requirements – SR-26 to SR-58,openspec/specs/provider-directory-integration/sr-43-monitor-provider-directory-api-feeds/spec.md
407,provider-directory-integration,SR-44,Notify Integration Administrators of Provider Data Schema Changes,Additional Source Requirements – SR-26 to SR-58,openspec/specs/provider-directory-integration/sr-44-notify-integration-administrators-of-provider-data-schema-changes/spec.md
408,provider-directory-integration,SR-45,Broadcast Provider Updates to Rhapsody Using Standard Messaging,Additional Source Requirements – SR-26 to SR-58,openspec/specs/provider-directory-integration/sr-45-broadcast-provider-updates-to-rhapsody-using-standard-messaging/spec.md
409,provider-directory-integration,SR-46,Monitor Provider Update Broadcasts to Rhapsody,Additional Source Requirements – SR-26 to SR-58,openspec/specs/provider-directory-integration/sr-46-monitor-provider-update-broadcasts-to-rhapsody/spec.md
410,provider-directory-integration,SR-47,Manually Create New Provider Records,Additional Source Requirements – SR-26 to SR-58,openspec/specs/provider-directory-integration/sr-47-manually-create-new-provider-records/spec.md
411,provider-directory-integration,SR-48,Manually Maintain Provider Records,Additional Source Requirements – SR-26 to SR-58,openspec/specs/provider-directory-integration/sr-48-manually-maintain-provider-records/spec.md
412,provider-directory-integration,SR-49,Report Missing or Incomplete Provider Data,Additional Source Requirements – SR-26 to SR-58,openspec/specs/provider-directory-integration/sr-49-report-missing-or-incomplete-provider-data/spec.md
413,provider-directory-integration,SR-50,Report Potential Duplicate Provider Records,Additional Source Requirements – SR-26 to SR-58,openspec/specs/provider-directory-integration/sr-50-report-potential-duplicate-provider-records/spec.md
414,provider-directory-integration,SR-51,Generate Provider Data Integrity Reports,Additional Source Requirements – SR-26 to SR-58,openspec/specs/provider-directory-integration/sr-51-generate-provider-data-integrity-reports/spec.md
415,provider-directory-integration,SR-52,Create Update and Deactivate Reference Data Sets,Additional Source Requirements – SR-26 to SR-58,openspec/specs/provider-directory-integration/sr-52-create-update-and-deactivate-reference-data-sets/spec.md
416,provider-directory-integration,SR-53,Use Reference Data for Data Verification,Additional Source Requirements – SR-26 to SR-58,openspec/specs/provider-directory-integration/sr-53-use-reference-data-for-data-verification/spec.md
417,provider-directory-integration,SR-54,Manage Versioning for Reference Data Sets,Additional Source Requirements – SR-26 to SR-58,openspec/specs/provider-directory-integration/sr-54-manage-versioning-for-reference-data-sets/spec.md
418,provider-directory-integration,SR-55,Restrict Changes to Reference Data Sets,Additional Source Requirements – SR-26 to SR-58,openspec/specs/provider-directory-integration/sr-55-restrict-changes-to-reference-data-sets/spec.md
419,provider-directory-integration,SR-56,Align Reference Data with National Jurisdictional and Governing Body Code Sets,Additional Source Requirements – SR-26 to SR-58,openspec/specs/provider-directory-integration/sr-56-align-reference-data-with-national-jurisdictional-and-governing-body-code-sets/spec.md
420,provider-directory-integration,SR-57,Associate Reference Data with Categories and Attributes,Additional Source Requirements – SR-26 to SR-58,openspec/specs/provider-directory-integration/sr-57-associate-reference-data-with-categories-and-attributes/spec.md
421,provider-directory-integration,SR-58,Expose Reference Data Sets via an API,Additional Source Requirements – SR-26 to SR-58,openspec/specs/provider-directory-integration/sr-58-expose-reference-data-sets-via-an-api/spec.md
